sender,user_tx_count
0xe45df10d55e442fc4c05a3155a992b350c71b45b,37
0x1f94c87bc23231af42082e93c5f4bdb0bf6cbcdd,97
0x4984cf73b36334b73b26862e540468222b9e8455,30
0x1dbbbbd702ad7695ea73b5c66f5d14b8e322e91f,190
0xc130ef1a6e5b296ad285da48c1057efa8d8d42f2,58
0x1b3903699a7b64e8f9adbc74ae1cad88cf299672,126
0x29f28d36865dd2a29afcf3dd58237e363cb2af96,56
0x7c4a2b1099915b15925c50c7faf1ebb7b3452534,10
0x71e9a3eecd8c3d29e822ed246c2c43092030aa97,218
0xe23ce36aee7aa802941c9f20fdc95323211bef7c,66
0xbe335d086de5515a8d82cfdd2a49c46666b6bb7a,6
0x0c3c42b6d6304b204024d46c9c7b60d7f587271d,31
0x670649bfcdb8e423291e566277f9f410b7d592d3,30
0x7b1251d7f2287951555af5f254e4116fe92640f5,22
0x54e6f7edce9947d3a451e2fd012900855de56ef6,101
0x96ac101142c5d4df3eb772e7a072c103c5b39df7,104
0xf542d8b0a22273fcfcc0ba89441dc557c7cb0fe2,164
0x198fb33baacf4c6232d0a9a4b6f8cb275370477d,66
0x0208de8cde9ff183bf69e769d8f4b755128e7235,93
0x8e63d21aedcf53faa228f5f36127f1e3b962ba5f,122
0x999caf9fdc3d152cd293df5f08cc2b7839db4ba7,32
0x439282295e0361d805993796c871bc06c04e3636,27
0x6365dac9d6c1c9f3dab3eb38e16dfc6ff3185fbe,5
0x98f3f787c6aa833a80165fd8bd9424d00a63e836,18
0x0c28cc9a5d7d5b3e8ca106bba57ef4b1e54d57aa,46
