searcher,address
Wintermute,0x0000006daea1723962647b7e189d311d757fb793
Wintermute,0x00000000ae347930bd1e7b0f35588b92280f9e75
Wintermute,0x0087bb802d9c0e343f00510000729031ce00bf27
Wintermute,0xaf0b0000f0210d0f421f0009c72406703b50506b
Wintermute,0x280027dd00ee0050d3f9d168efd6b40090009246
Wintermute,0x51C72848c68a965f66FA7a88855F9f7784502a7F
Wintermute,0x3b55732f6d3997a7d44a041b8496e1a60712a35f
Wintermute,0xec6fc9be2d5e505b40a2df8b0622cd25333823db
SCP,0xa69babef1ca67a37ffaf7a485dfff3382056e78c
SCP,0x56178a0d5f301baf6cf3e1cd53d9863437345bf9
SCP,0xa57bd00134b2850b2a1c55860c9e9ea100fdd6cf
SCP,0x4Cb18386e5d1F34dC6EEA834bf3534A970a3f8e7
SCP,0x5050e08626c499411B5D0E0b5AF0E83d3fD82EDF
Kayle,0xbc2c6cd5013585ac720160efcb1feced30837177
Kayle,0x593AC83229D3099C57cC721540c4d535a7fbBFd6
Kayle,0x9def7cde171841a9f0724124ca0b01a622d749e4
Kayle,0x2e5ca1238654ad4adc4c60b34664b656da17d4da
Kayle,0xfbd4cdb413e45a52e2c8312f670e9ce67e794c37
Kayle,0x68d3A973E7272EB388022a5C6518d9b2a2e66fBf
Galio,0xe8cfad4c75a5e1caf939fd80afcf837dde340a69
Galio,0x1bf621aa9cee3f6154881c25041bb39aed4ca7cc
Galio,0x5dc62cea20b0e7c3607adcc61a885ff9369dbc60
Shen,0x6f1cdbbb4d53d226cf4b917bf768b94acbab6168
Shen,0xbfef411d9ae30c5b471d529c838f1abb7b65d67f
Shen,0xeff6cb8b614999d130e537751ee99724d01aa167
Taric,0x2D722C96f79d149dD21e9eF36F93fc12906CE9f8
Taric,0x767C8bB1574BEE5D4FE35E27e0003c89D43C5121
Lucian,0x98c3d3183c4b8a650614ad179a1a98be0a8d6b8e
Thresh,0xef97b8a6cbb72feeccf5bc5e897078e9e53ee0a4
Thresh,0x817648d73fd85c802cfde8a29eba9f68b783ca60
Ahri,0xd7f3fbe8c72a961a5515203eada59750437fa762
Ahri,0x2deae6ce94d65ac1de19a1fc4bb160c4e02c92ef
Riven,0x053f661abf26d086194540f20f312e0d90a61302
Riven,0x752e87b5f1397e171D5383cec3D4C51A8D3C114B
Riven,0xaAFb85ad4a412dd8adC49611496a7695A22f4aeb
Riven,0x32801aB1957Aaad1c65289B51603373802B4e8BB
Riven,0xD198fBE60C49D4789525fC54567447518C7D2a11
Riven,0xb6613cc55866e282638006455390207c1d485be9
Riven,0xbeb5fd030ffb0fbc95d68113c1c796eff65526d7
Riven,0x4c405bc9dc26435a48fe6a637b6b08eb78b9da5
Darius,0x28e261390adaa654f29dbe268109baf06e9b4cc4
Karma,0x807cf9a772d5a3f9cefbc1192e939d62f0d9bd38
Bard,0x360e051a25ca6decd2f0e91ea4c179a96c0e565e
Senna,0xd4bc53434c5e12cb41381a556c3c47e1a86e80e3
Senna,0x203e2349666c08a538266afaed434b388e01a657
Maokai,0x000000000dfde7deaf24138722987c9a6991e2d4
Zed,0xfbeedcfe378866dab6abbafd8b2986f5c1768737
Zed,0x99999999D116Ffa7D76590De2f427d8e15AEb0b8
Jinx,0xd249942f6d417cbfdcb792b1229353b66c790726
Tristana,0x4a137fd5e7a256ef08a7de531a17d0be0cc7b6b6
Graves,0x33565e5e5bb57cce2c606e16b99f435a80adc674
Graves,0xc22d4ca2362c78b0f7e7c370484f9e191eb656cb
Lux,0x966d8c1f61bae657d577077abfbd7d896c09e242
Lux,0xa0b18CdF5F395D98c061B753d8dedB28c7Aee450
Lux,0xc6feCDF760Af24095cDEd954dE7d81aB49f8Bae1
Lux,0x12ff0e28318e53a6f91d42cf607963076af6c03f
Lux,0x15dc6e110423d97339105e6c377ce08191527e95
Lux,0x6d1d1ebe7da598194293784252659e862d55b52c
Caitlyn,0x70c66f3ce5a5387a70e2773d054eff572525c6f4
Caitlyn,0x05f016765c6c601fd05a10dba1abe21a04f924a5
Akali,0xcfd4176f7975c70f800d87aeaca316270521595a
Akali,0x9EA3cda5c2Adf0370454b9Ee28786a068227b1a4
Akali,0x70e86223507724bf2c51fe3ac2cc78c67bfad366
Akali,0x73a8a6f5d9762ea5f1de193ec19cdf476c7e86b1
Poppy,0xe6ae75be7c9317af842b8f2c2cd6dc7f49f17184
